<?xml version="1.0" encoding="UTF-8"?>
<GenRun Id="impl_1" LaunchPart="xc7z020clg400-1" LaunchTime="1714873454">
  <File Type="BITSTR-BMM" Name="echo_wrapper_bd.bmm"/>
  <File Type="OPT-METHODOLOGY-DRC" Name="echo_wrapper_methodology_drc_opted.rpt"/>
  <File Type="INIT-TIMING" Name="echo_wrapper_timing_summary_init.rpt"/>
  <File Type="ROUTE-PWR" Name="echo_wrapper_power_routed.rpt"/>
  <File Type="PA-TCL" Name="echo_wrapper.tcl"/>
  <File Type="OPT-TIMING" Name="echo_wrapper_timing_summary_opted.rpt"/>
  <File Type="OPT-DCP" Name="echo_wrapper_opt.dcp"/>
  <File Type="ROUTE-PWR-SUM" Name="echo_wrapper_power_summary_routed.pb"/>
  <File Type="REPORTS-TCL" Name="echo_wrapper_reports.tcl"/>
  <File Type="OPT-DRC" Name="echo_wrapper_drc_opted.rpt"/>
  <File Type="OPT-HWDEF" Name="echo_wrapper.hwdef"/>
  <File Type="PWROPT-DCP" Name="echo_wrapper_pwropt.dcp"/>
  <File Type="PWROPT-DRC" Name="echo_wrapper_drc_pwropted.rpt"/>
  <File Type="PWROPT-TIMING" Name="echo_wrapper_timing_summary_pwropted.rpt"/>
  <File Type="PLACE-DCP" Name="echo_wrapper_placed.dcp"/>
  <File Type="PLACE-IO" Name="echo_wrapper_io_placed.rpt"/>
  <File Type="PLACE-CLK" Name="echo_wrapper_clock_utilization_placed.rpt"/>
  <File Type="PLACE-UTIL" Name="echo_wrapper_utilization_placed.rpt"/>
  <File Type="PLACE-UTIL-PB" Name="echo_wrapper_utilization_placed.pb"/>
  <File Type="PLACE-CTRL" Name="echo_wrapper_control_sets_placed.rpt"/>
  <File Type="PLACE-SIMILARITY" Name="echo_wrapper_incremental_reuse_placed.rpt"/>
  <File Type="PLACE-PRE-SIMILARITY" Name="echo_wrapper_incremental_reuse_pre_placed.rpt"/>
  <File Type="PLACE-TIMING" Name="echo_wrapper_timing_summary_placed.rpt"/>
  <File Type="POSTPLACE-PWROPT-DCP" Name="echo_wrapper_postplace_pwropt.dcp"/>
  <File Type="BG-BIN" Name="echo_wrapper.bin"/>
  <File Type="POSTPLACE-PWROPT-TIMING" Name="echo_wrapper_timing_summary_postplace_pwropted.rpt"/>
  <File Type="PHYSOPT-DCP" Name="echo_wrapper_physopt.dcp"/>
  <File Type="PHYSOPT-DRC" Name="echo_wrapper_drc_physopted.rpt"/>
  <File Type="BITSTR-MSK" Name="echo_wrapper.msk"/>
  <File Type="PHYSOPT-TIMING" Name="echo_wrapper_timing_summary_physopted.rpt"/>
  <File Type="ROUTE-ERROR-DCP" Name="echo_wrapper_routed_error.dcp"/>
  <File Type="ROUTE-DCP" Name="echo_wrapper_routed.dcp"/>
  <File Type="ROUTE-BLACKBOX-DCP" Name="echo_wrapper_routed_bb.dcp"/>
  <File Type="ROUTE-DRC" Name="echo_wrapper_drc_routed.rpt"/>
  <File Type="ROUTE-DRC-PB" Name="echo_wrapper_drc_routed.pb"/>
  <File Type="ROUTE-DRC-RPX" Name="echo_wrapper_drc_routed.rpx"/>
  <File Type="BITSTR-MMI" Name="echo_wrapper.mmi"/>
  <File Type="ROUTE-METHODOLOGY-DRC" Name="echo_wrapper_methodology_drc_routed.rpt"/>
  <File Type="ROUTE-METHODOLOGY-DRC-RPX" Name="echo_wrapper_methodology_drc_routed.rpx"/>
  <File Type="ROUTE-METHODOLOGY-DRC-PB" Name="echo_wrapper_methodology_drc_routed.pb"/>
  <File Type="ROUTE-PWR-RPX" Name="echo_wrapper_power_routed.rpx"/>
  <File Type="ROUTE-STATUS" Name="echo_wrapper_route_status.rpt"/>
  <File Type="ROUTE-STATUS-PB" Name="echo_wrapper_route_status.pb"/>
  <File Type="ROUTE-TIMINGSUMMARY" Name="echo_wrapper_timing_summary_routed.rpt"/>
  <File Type="ROUTE-TIMING-PB" Name="echo_wrapper_timing_summary_routed.pb"/>
  <File Type="ROUTE-TIMING-RPX" Name="echo_wrapper_timing_summary_routed.rpx"/>
  <File Type="ROUTE-SIMILARITY" Name="echo_wrapper_incremental_reuse_routed.rpt"/>
  <File Type="ROUTE-CLK" Name="echo_wrapper_clock_utilization_routed.rpt"/>
  <File Type="ROUTE-BUS-SKEW" Name="echo_wrapper_bus_skew_routed.rpt"/>
  <File Type="ROUTE-BUS-SKEW-PB" Name="echo_wrapper_bus_skew_routed.pb"/>
  <File Type="ROUTE-BUS-SKEW-RPX" Name="echo_wrapper_bus_skew_routed.rpx"/>
  <File Type="POSTROUTE-PHYSOPT-DCP" Name="echo_wrapper_postroute_physopt.dcp"/>
  <File Type="POSTROUTE-PHYSOPT-BLACKBOX-DCP" Name="echo_wrapper_postroute_physopt_bb.dcp"/>
  <File Type="POSTROUTE-PHYSOPT-TIMING" Name="echo_wrapper_timing_summary_postroute_physopted.rpt"/>
  <File Type="POSTROUTE-PHYSOPT-TIMING-PB" Name="echo_wrapper_timing_summary_postroute_physopted.pb"/>
  <File Type="POSTROUTE-PHYSOPT-TIMING-RPX" Name="echo_wrapper_timing_summary_postroute_physopted.rpx"/>
  <File Type="POSTROUTE-PHYSOPT-BUS-SKEW" Name="echo_wrapper_bus_skew_postroute_physopted.rpt"/>
  <File Type="POSTROUTE-PHYSOPT-BUS-SKEW-PB" Name="echo_wrapper_bus_skew_postroute_physopted.pb"/>
  <File Type="BG-BIT" Name="echo_wrapper.bit"/>
  <File Type="POSTROUTE-PHYSOPT-BUS-SKEW-RPX" Name="echo_wrapper_bus_skew_postroute_physopted.rpx"/>
  <File Type="BITSTR-RBT" Name="echo_wrapper.rbt"/>
  <File Type="BITSTR-NKY" Name="echo_wrapper.nky"/>
  <File Type="PDI-FILE" Name="echo_wrapper.pdi"/>
  <File Type="RCFI_FILE" Name="echo_wrapper.rcfi"/>
  <File Type="CFI_FILE" Name="echo_wrapper.cfi"/>
  <File Type="RNPI_FILE" Name="echo_wrapper.rnpi"/>
  <File Type="NPI_FILE" Name="echo_wrapper.npi"/>
  <File Type="RBD_FILE" Name="echo_wrapper.rbd"/>
  <File Type="BITSTR-LTX" Name="debug_nets.ltx"/>
  <File Type="BITSTR-LTX" Name="echo_wrapper.ltx"/>
  <File Type="BITSTR-SYSDEF" Name="echo_wrapper.sysdef"/>
  <File Type="BG-BGN" Name="echo_wrapper.bgn"/>
  <File Type="BG-DRC" Name="echo_wrapper.drc"/>
  <File Type="RDI-RDI" Name="echo_wrapper.vdi"/>
  <File Type="WBT-USG" Name="usage_statistics_webtalk.html"/>
  <FileSet Name="sources" Type="DesignSrcs" RelSrcDir="$PSRCDIR/sources_1">
    <Filter Type="Srcs"/>
    <File Path="$PSRCDIR/sources_1/new/carry_select_adder.v">
      <FileInfo>
        <Attr Name="UsedIn" Val="synthesis"/>
        <Attr Name="UsedIn" Val="implementation"/>
        <Attr Name="UsedIn" Val="simulation"/>
      </FileInfo>
    </File>
    <File Path="$PSRCDIR/sources_1/new/full_adder.v">
      <FileInfo>
        <Attr Name="UsedIn" Val="synthesis"/>
        <Attr Name="UsedIn" Val="implementation"/>
        <Attr Name="UsedIn" Val="simulation"/>
      </FileInfo>
    </File>
    <File Path="$PSRCDIR/sources_1/new/mp_adder.v">
      <FileInfo>
        <Attr Name="UsedIn" Val="synthesis"/>
        <Attr Name="UsedIn" Val="implementation"/>
        <Attr Name="UsedIn" Val="simulation"/>
      </FileInfo>
    </File>
    <File Path="$PSRCDIR/sources_1/new/mux2x1.v">
      <FileInfo>
        <Attr Name="UsedIn" Val="synthesis"/>
        <Attr Name="UsedIn" Val="implementation"/>
        <Attr Name="UsedIn" Val="simulation"/>
      </FileInfo>
    </File>
    <File Path="$PSRCDIR/sources_1/new/ripple_carry_adder_Nb.v">
      <FileInfo>
        <Attr Name="UsedIn" Val="synthesis"/>
        <Attr Name="UsedIn" Val="implementation"/>
        <Attr Name="UsedIn" Val="simulation"/>
      </FileInfo>
    </File>
    <File Path="$PSRCDIR/sources_1/new/ripple_carry_adder_slice.v">
      <FileInfo>
        <Attr Name="UsedIn" Val="synthesis"/>
        <Attr Name="UsedIn" Val="implementation"/>
        <Attr Name="UsedIn" Val="simulation"/>
      </FileInfo>
    </File>
    <File Path="$PSRCDIR/sources_1/new/uart_rx.v">
      <FileInfo>
        <Attr Name="ImportPath" Val="$PPRDIR/../Lab2/Lab2.srcs/sources_1/new/uart_rx.v"/>
        <Attr Name="ImportTime" Val="1710330693"/>
        <Attr Name="UsedIn" Val="synthesis"/>
        <Attr Name="UsedIn" Val="implementation"/>
        <Attr Name="UsedIn" Val="simulation"/>
      </FileInfo>
    </File>
    <File Path="$PSRCDIR/sources_1/new/uart_tx.v">
      <FileInfo>
        <Attr Name="ImportPath" Val="$PPRDIR/../Lab2/Lab2.srcs/sources_1/new/uart_tx.v"/>
        <Attr Name="ImportTime" Val="1710314874"/>
        <Attr Name="UsedIn" Val="synthesis"/>
        <Attr Name="UsedIn" Val="implementation"/>
        <Attr Name="UsedIn" Val="simulation"/>
      </FileInfo>
    </File>
    <File Path="$PSRCDIR/sources_1/new/uart_top.v">
      <FileInfo>
        <Attr Name="ImportPath" Val="$PPRDIR/../Lab2/Lab2.srcs/sources_1/new/uart_top.v"/>
        <Attr Name="ImportTime" Val="1710330995"/>
        <Attr Name="UsedIn" Val="synthesis"/>
        <Attr Name="UsedIn" Val="implementation"/>
        <Attr Name="UsedIn" Val="simulation"/>
      </FileInfo>
    </File>
    <File Path="$PSRCDIR/sources_1/new/Debounce_Switch.v">
      <FileInfo>
        <Attr Name="ImportPath" Val="$PPRDIR/../Lab2/Lab2.srcs/sources_1/new/Debounce_Switch.v"/>
        <Attr Name="ImportTime" Val="1710315234"/>
        <Attr Name="UsedIn" Val="synthesis"/>
        <Attr Name="UsedIn" Val="implementation"/>
        <Attr Name="UsedIn" Val="simulation"/>
      </FileInfo>
    </File>
    <File Path="$PSRCDIR/sources_1/bd/echo/echo.bd">
      <FileInfo>
        <Attr Name="UsedIn" Val="synthesis"/>
        <Attr Name="UsedIn" Val="implementation"/>
        <Attr Name="UsedIn" Val="simulation"/>
      </FileInfo>
    </File>
    <File Path="$PSRCDIR/sources_1/bd/echo/hdl/echo_wrapper.v">
      <FileInfo>
        <Attr Name="UsedIn" Val="synthesis"/>
        <Attr Name="UsedIn" Val="implementation"/>
        <Attr Name="UsedIn" Val="simulation"/>
      </FileInfo>
    </File>
    <Config>
      <Option Name="DesignMode" Val="RTL"/>
      <Option Name="TopModule" Val="echo_wrapper"/>
    </Config>
  </FileSet>
  <FileSet Name="constrs_in" Type="Constrs" RelSrcDir="$PSRCDIR/constrs_1">
    <Filter Type="Constrs"/>
    <File Path="$PSRCDIR/constrs_1/imports/Downloads/PYNQ-Z2v1.0.xdc">
      <FileInfo>
        <Attr Name="ImportPath" Val="$PPRDIR/../../../../Downloads/PYNQ-Z2v1.0.xdc"/>
        <Attr Name="ImportTime" Val="1710315859"/>
        <Attr Name="UsedIn" Val="synthesis"/>
        <Attr Name="UsedIn" Val="implementation"/>
      </FileInfo>
    </File>
    <Config>
      <Option Name="ConstrsType" Val="XDC"/>
    </Config>
  </FileSet>
  <FileSet Name="utils" Type="Utils" RelSrcDir="$PSRCDIR/utils_1">
    <Filter Type="Utils"/>
    <Config>
      <Option Name="TopAutoSet" Val="TRUE"/>
    </Config>
  </FileSet>
  <Strategy Version="1" Minor="2">
    <StratHandle Name="Vivado Implementation Defaults" Flow="Vivado Implementation 2020"/>
    <Step Id="init_design"/>
    <Step Id="opt_design"/>
    <Step Id="power_opt_design"/>
    <Step Id="place_design"/>
    <Step Id="post_place_power_opt_design"/>
    <Step Id="phys_opt_design"/>
    <Step Id="route_design"/>
    <Step Id="post_route_phys_opt_design"/>
    <Step Id="write_bitstream"/>
  </Strategy>
  <BlockFileSet Type="BlockSrcs" Name="echo_Debounce_Switch_0_0"/>
  <BlockFileSet Type="BlockSrcs" Name="echo_uart_top_0_0"/>
</GenRun>
